{
	"langs":"简体中文",
	"link-m88":"<a href=\"https://m88.com/?lang=zh-CN\"><img class=\"desk-header\" src=\"assets/images/mlogo-desktop.svg\" alt=\"M88, LaLiga logos\"/><img class=\"mobi-header\" src=\"assets/images/mlogo-mobile.svg\" alt=\"M88, LaLiga logos\" /></a>",
	"login": "LOGIN",
	"join": "JOIN NOW",
	"play": "PLAY NOW",
	"claim-now": "马上参加",
	"claim": "马上参加",

	"claim-now-msports":"Ｍ体育",
	"cta-msports":"https://affm5688.com/_Lfy0-1VmBPlWjObZuhu7lGNd7ZgqdRLk/7/",
	"cta-hcasino":"https://affm5688.com/_Lfy0-1VmBPlWjObZuhu7lGNd7ZgqdRLk/14/",
	"claim-now-casino":"老虎机",

	"tnc": "条款和条件",
	"tnc2": "迎宾奖金条款和规则",
	"tile-btn":"现在走",
		
	"title":"LIVESPINS免费投注等着您",
	
	"txt1": "LIVESPINS免费投注等着您",
	"txt2": "体验独家的旋转快感！",
	"txt2-teaser": "体验独家的旋转快感！",
	"claim-now-default": "马上参加",
	"cta-default": "https://affm5688.com/_0EDDaI-cIg5WjObZuhu7lGNd7ZgqdRLk/57/",
	"cta":"https://affm5688.com/_0EDDaI-cIg5WjObZuhu7lGNd7ZgqdRLk/57/",

	"step1a": "加入M88",
	"step1b": "快速简单",
	"step1b-mobi": "快捷方便",
	"step2a": "存款",
	"step2b": "2-5分钟安全快速入帐",
	"step2b-mobi": "安全可靠",
	"step3a": "享受游戏",
	"step3b": "开始你的胜利之旅！",
	"step3b-mobi": "开始获胜",

	"tiles-head": "最好的游戏平台-明陞M88",
	"slides-head": "明陞M88采用最好及最新的安全和加密技术，确保玩家的账户和信息不会受到破坏者和黑客的攻击。",
	"m88-head": "为什么选择 M88 大厦？",
	"m88-feat-head1": "安全可靠的游戏",
	"m88-feat-txt1": "明陞M88采用最好及最新的安全和加密技术，确保玩家的账户和信息不会受到破坏者和黑客的攻击。",
	"m88-feat-head2": "各种游戏",
	"m88-feat-txt2": "明陞M88提供来自领先开发商和经销商的各种游戏，可以满足玩家各式各样的娱乐类型。",
	"m88-feat-head3": "快速和更好的体验",
	"m88-feat-txt3": "明陞M88简化了网站，使游戏和页面加载速度更快，这样玩家不会在兴奋之余破坏了您的游戏体验。",
	"m88-feat-head4": "优化外观和感受",
	"m88-feat-txt4": "我们整体优惠了网站，除了使得网站更快速之于，还大大的编辑网站页面，相信会使您有更棒的游戏体验。",

	"bottom-head": "立即开始您的明陞M88旅程",
	"bottom-head-sub-about": "关于明陞M88",
	"bottom-txt1": "明陞M88是行业领先的在线游戏平台，为亚洲市场提供体育博彩、真人娱乐场、老虎机、彩票等。成立于 2007 年，我们以在安全、公平和值得信赖的环境中为客户提供最佳游戏体验而自豪。",
	"bottom-txt2": "每个月提供满满的活动与彩金，提供卓越的价值和无与伦比的服务。创新是我们业务的核心，因为我们不断寻求开发新技术、改善用户体验并扩大我们的游戏组合。",
	"bottom-head-sub2":"明陞M88是西甲官方亚洲合作伙伴",
	"bottom-txt3": "明陞M88一直以来与世界上最大的足球品牌合作，与西甲建立独家合作伙伴关系，直到 2023-24 赛季成为亚洲官方区域投注合作伙伴。双方优质的品牌，持续合作扩大彼此的影响力，未来将会提供更多的优质服务，敬请期待",

	"cta-sports": "https://affm5688.com/_0EDDaI-cIg5c2ijwkygES2Nd7ZgqdRLk/57/",
	"cta-live-casino": "https://affm5688.com/_0EDDaI-cIg6hS8-h7o92P2Nd7ZgqdRLk/57/",
	"cta-casino": "https://affm5688.com/_0EDDaI-cIg6_kR87cWgLbmNd7ZgqdRLk/57/",
	"cta-knlt": "https://affm5688.com/_0EDDaI-cIg4dIqIeVhNpQ2Nd7ZgqdRLk/57/",


	"to-top": "回到顶部",

	"facebook": "",
	"instagram": "https://www.instagram.com/m88.cn/",
	"twitter": "",
	"youtube": "",
	"tiktok": "https://v.douyin.com/Lwa93nM/",

	"sports": "运动的",
	"sports-txt": "我们有您最喜欢的体育联赛和赛事的线路，以及最新的赔率和支出",
	
	"live-casino": "真人娱乐场",
	"live-casino-txt": "M88 Mansion 的活跃荷官将确保您的体验如同置身于真正的赌场。",
	"casino-fishing": "赌场 打捞",
	"casino-fishing-txt": "玩我们的赌场和钓鱼游戏时不会有任何延迟..",
	"keno-lotto": "为什么和关心",
	"keno-lotto-txt": "在 M88 Mansion 玩基诺和乐透，您可能会赢得大奖。",

	"title-sponsors":"合作伙伴",
	"prev-sponsors":"前合作伙伴",
	"footer-laliga":"官方区域合作伙伴",
	"footer-bwf":"官方投注合作伙伴",
	"footer-ac":"官方合作伙伴",
	"footer-talon":"全球冠名赞助商",
	"footer-celeb":"M88 名人合作伙伴",
	"footer-ambassador":"M88大使",
	"footer-betting":"官方投注合作伙伴",

	"ftxt1": "官方区域合作伙伴",
	"ftxt1a": "2020 - 2024",
	"ftxt2": "伯恩茅斯足球队",
	"ftxt2a": "2015 - 2020",
	"ftxt3": "水晶宫",
	"ftxt3a": "2015 - 2017",
	"ftxt4": "曼切斯特城",
	"ftxt4a": "2011 - 2012",
	"ftxt5": "Tottemham Hotspurs",
	"ftxt5a": "2006 - 2010",

	"ftxt6": "M88.com一直致力支持<a href=\"https://help.m88.com/responsibleGaming_cs.asp\" target=\"_blank\" class=\"link\"><strong>责任博彩</strong></a>",
	"ftxt7": "条款和规则， 请参阅活动页面了解更多详情。",
	"ftxt8": "为提供您个人化且即时的服务，本网站透过使用\"Cookies\"记录与存取您的浏览使用讯息，继续使用网站，即表明您同意 cookie 及其他类似技术的使用。<br>有关我们使用 cookie 以及如何防止它们的信息，<a href=\"https://help.m88.com/termOfUse_tc_cs.asp\" target=\"_blank\"><strong>请参阅 明陞M88 的使用条款</strong></a>"
}